{
  "n_nominal": 10.0,
  "n_eff_weights": 9.545454545454543,
  "n_eff_risk": 6.575938434774052,
  "n_components_80": 3,
  "n_components_90": 5
}