asset_i,asset_j,correlation
SPY,QQQ,0.9329423490077067
IEF,TLT,0.9130384321405128
QQQ,SMH,0.8795768913118985
BND,IEF,0.8573311376800357
SPY,SMH,0.8141920708313977
SMH,NVDA,0.8058573784335769
BND,TLT,0.8028910601278655
QQQ,AAPL,0.7900590370918015
SMH,MU,0.7735367113422121
QQQ,NVDA,0.7525403556561984
SPY,AAPL,0.744454496819219
SPY,NVDA,0.6594807065494676
QQQ,MU,0.6422359473328477
SMH,AAPL,0.6265895263962887
SPY,MU,0.601260560438018
