asset_i,asset_j,correlation
SPY,QQQ,0.9329423490077067
IEF,TLT,0.9130384321405128
QQQ,SMH,0.8795768913118985
BND,IEF,0.8573311376800357
SPY,SMH,0.8141920708313977
