{
  "n_nominal": 10.0,
  "hhi": 0.10476190476190478,
  "n_eff_weights": 9.545454545454543,
  "sum_weights": 1.0
}